Word,Count,LogReg Coeff
00,0.0,0.061155690569836066
000,0.013333333333333334,0.005730304698321319
01,0.0,0.033205666705851414
08,0.0,0.013744404951733893
0ghz,0.0,0.07115704475619195
10,0.24,0.09048302310050667
100,0.2,0.0578592055112688
1000,0.02666666666666667,0.06593404733646378
100w,0.0,0.02727053302042066
10100f,0.0,0.09513506886399856
10105f,0.0,0.027001713529144575
10300h,0.0,0.07441951436458258
105,0.0,0.013282684556317342
1080,0.0,0.05447730239840142
1080p,0.02666666666666667,0.034985146579250795
11,0.29333333333333333,0.01937484293629213
115,0.0,0.005211885702232245
1151,0.0,0.06561324763395697
1165g7,0.0,0.022496192601416568
12,0.0,0.05431947056366835
120,0.013333333333333334,0.0012523851422828571
1200,0.0,0.020313093421670578
120mm,0.0,0.0276771145602044
128,0.013333333333333334,0.030358884229100068
128gb,0.0,0.0368121572214105
12gb,0.0,0.011906722717119917
13,0.013333333333333334,0.0030760971662545556
14,0.0,0.04906097467653472
140,0.013333333333333334,0.023404271290968195
140mm,0.0,0.026850394559379813
144,0.0,0.009378042173251772
1440,0.0,0.015301310103517918
1440p,0.02666666666666667,0.03607559326480123
15,0.06666666666666667,0.0023983138116473054
150,0.0,0.05629498062280784
1500,0.013333333333333334,0.0009504656361397672
150w,0.0,0.0018516004323103686
16,0.16,0.023237159374316415
1600mhz,0.0,0.03381852172801334
165,0.013333333333333334,0.02038526443208482
1650,0.013333333333333334,0.00868251989782514
1660,0.06666666666666667,0.006712558339755895
1660ti,0.0,0.013811248005092848
16gb,0.10666666666666667,0.04788278158741973
1700,0.0,0.051338053079715555
1700x,0.0,0.08584871232517001
18,0.013333333333333334,0.020520703370427145
180,0.0,0.03739651896102541
19,0.0,0.025067962519948507
190,0.013333333333333334,0.03254671189556498
199,0.0,0.0028869221522047146
1st,0.0,0.03778393052175968
1tb,0.0,0.027970821455781603
20,0.0,0.033620835586475016
200,0.04,0.027458752501883187
2011,0.0,0.037987617472353415
2012,0.013333333333333334,0.010504468404505704
2013,0.013333333333333334,0.02684431122804823
2014,0.0,0.0036192912464223623
2016,0.013333333333333334,0.03235652466162761
2018,0.0,0.008407626834077751
2021,0.02666666666666667,0.023297763125060805
2022,0.02666666666666667,0.07901085747597356
2060,0.06666666666666667,0.0048246454148577434
2070,0.04,0.03962431358861654
2080,0.2,0.0655844431158111
2080ti,0.0,0.010259938899677185
22,0.0,0.0526362487622891
2400,0.0,0.02788409378980869
250,0.013333333333333334,0.021441433805889046
2500k,0.0,0.015024547471890751
250gb,0.0,0.019274058717916896
256gb,0.0,0.03890768266923634
2666mhz,0.0,0.023149998197003464
27,0.013333333333333334,0.060525519367666654
2ghz,0.0,0.02412250925201337
2k,0.06666666666666667,0.017223872085801624
2tb,0.0,0.015384629491921991
2x16,0.0,0.02001510037373824
2x8,0.0,0.010540747458600699
30,0.06666666666666667,0.02821219595949069
300,0.013333333333333334,0.010268433501675863
3000,0.02666666666666667,0.022187879578006674
3050,0.02666666666666667,0.050387778836226665
3060,0.0,0.05192526897451725
3070,0.0,0.0724585285328198
3070ti,0.013333333333333334,0.0010530827947554014
3080,0.08,0.06888144970359532
3090,0.013333333333333334,0.024107220435040173
30s,0.0,0.010963362615257133
32,0.0,0.07525532113977709
3200,0.08,0.027454047073682958
3200mhz,0.04,0.028193490796995645
32gb,0.06666666666666667,0.0019449942114756005
3300x,0.0,0.03735259212758909
3500,0.0,0.0347086259523243
3500u,0.0,0.055915924064351995
35c,0.0,0.0027529973818919183
3600mhz,0.02666666666666667,0.06750571283723368
380,0.0,0.027483570707233826
3800,0.0,0.059329261695046556
390,0.0,0.01851379992745038
3d,0.02666666666666667,0.09502265562553587
3ghz,0.0,0.0597464025480621
3v,0.0,0.0046836710077371385
40,0.013333333333333334,0.0015910090132257894
400,0.0,0.0001626492942253942
4000,0.0,0.012946042411956002
40c,0.013333333333333334,0.018162117208218476
420,0.0,0.004040747328194646
4600,0.0,0.05996853653763687
4790,0.0,0.03813323258990606
4800h,0.04,0.03553992976808222
4gb,0.013333333333333334,0.03213508086351157
4ghz,0.02666666666666667,0.04602501195011023
4k,0.05333333333333334,0.03275242992663971
4x,0.0,0.009522832369284709
50,0.06666666666666667,0.009923471678974746
500,0.05333333333333334,0.0287196579191668
50s,0.0,0.0034939486470346335
512,0.013333333333333334,0.03793506927655231
512gb,0.0,0.020223583352170286
52,0.0,0.013898599610096988
54,0.0,0.004856194563374238
5600h,0.0,0.046377212380425116
57,0.0,0.002794531012239476
570,0.0,0.08912979724609987
5800,0.0,0.07248886774596594
59,0.0,0.013329812610162228
5900,0.0,0.08566621908392508
60,0.08,0.016445479209237873
600,0.013333333333333334,0.03262006277662769
60c,0.0,0.007748997242369878
61,0.0,0.014919636619297544
64gb,0.0,0.03560216091119247
650,0.0,0.016198581615141757
65w,0.0,0.05936476428380906
66,0.0,0.005668647523487716
6600k,0.0,0.08564462120899395
67,0.0,0.02340012391171658
6e,0.12,0.008157921141231256
6ghz,0.02666666666666667,0.041090831424126416
6th,0.0,0.028324422809577962
70,0.0,0.02548975925553538
700,0.0,0.0030483979714049643
720p,0.0,0.07494175425166545
75,0.02666666666666667,0.024972610606089966
750,0.05333333333333334,0.0023567595997815893
76,0.0,0.003062700148931253
78,0.0,0.005006416544057751
79,0.013333333333333334,0.01342081768294016
7nm,0.013333333333333334,0.08345484009433982
7th,0.02666666666666667,0.04603349117654037
80,0.06666666666666667,0.03088353006773358
82,0.0,0.0034838702962517736
84,0.0,0.009571457590038775
85,0.013333333333333334,0.014782915196328064
850w,0.0,0.029111792235831397
86,0.0,0.011450474060703587
88,0.0,0.009158110438800774
8g,0.0,0.025962228036660696
8gb,0.09333333333333334,0.09847583334362198
8th,0.0,0.05967249411100852
90,0.09333333333333334,0.01687946390522923
92,0.013333333333333334,0.02673052840464236
93,0.0,0.020830489815586356
94,0.013333333333333334,0.002451550381863121
95,0.02666666666666667,0.05837680721859204
960,0.0,0.023320041080267327
97,0.013333333333333334,0.044695703678036346
970,0.013333333333333334,0.04779206736720344
980,0.0,0.011454471841075549
99,0.13333333333333333,0.0029981210706540463
a320,0.0,0.04199218049951627
ability,0.0,0.01747352059204079
able,0.16,0.031620898357756444
absolute,0.013333333333333334,0.028780673348057145
absolutely,0.0,0.011384739032924761
access,0.0,0.05846133607482948
according,0.0,0.030163935483363415
account,0.013333333333333334,0.06443963994483216
accounts,0.013333333333333334,0.022401170715908813
acer,0.06666666666666667,0.05228609478881124
acting,0.0,0.010047744849428206
active,0.0,0.014097844586841275
actually,0.02666666666666667,0.026439300126787295
adata,0.013333333333333334,0.001706232613902548
add,0.0,0.05633831859194498
adding,0.0,0.03140364194768328
addition,0.0,0.01175357257725963
additional,0.0,0.016517967036572583
admit,0.013333333333333334,0.019974990659649382
advance,0.06666666666666667,0.041875766530977326
advanced,0.04,0.03995783474748061
advantage,0.0,0.011363444850488787
advertised,0.0,0.01645919725131195
advice,0.06666666666666667,0.020303549975376717
affected,0.013333333333333334,0.005702852515908725
afterburner,0.0,0.018952343762060064
agent,0.013333333333333334,0.06648556211306655
aggressive,0.013333333333333334,0.05744800626522679
ago,0.06666666666666667,0.03771517796513422
ahead,0.013333333333333334,0.025398300802158495
ai,0.0,0.0015195191131537555
aida64,0.0,0.03302051709059267
aio,0.013333333333333334,0.016266401252978006
air,0.02666666666666667,0.015072470840014564
airflow,0.0,0.017453866456345682
alderlake,0.013333333333333334,0.09746574354439211
allow,0.05333333333333334,0.025704757178000685
allowed,0.0,0.06371246339107628
allows,0.013333333333333334,0.00604617625716939
amazing,0.0,0.006389930932443033
amazon,0.0,0.03521379712617872
amds,0.0,0.03608687373007192
ampere,0.013333333333333334,0.02978040079068039
anandtech,0.02666666666666667,0.0006910781915522637
animation,0.0,0.06063923760668472
announced,0.04,0.062429160762588184
answer,0.02666666666666667,0.03970928221027259
anybody,0.013333333333333334,0.007274629873144588
anymore,0.013333333333333334,0.049006003122164396
aorus,0.05333333333333334,0.02644829013466839
api,0.0,0.0032225258906230757
app,0.0,0.01789448768660722
apparently,0.013333333333333334,0.03126959153801611
appear,0.0,0.010094146456399103
appears,0.0,0.028145553365611847
apple,0.013333333333333334,0.08390481244917151
application,0.0,0.04800475885107825
applications,0.02666666666666667,0.05445217449634024
appreciated,0.013333333333333334,0.001379495934931002
approved,0.013333333333333334,0.06220757921458234
apps,0.0,0.027046057563206133
architecture,0.0,0.04050450781359299
aren,0.05333333333333334,0.00027429374455858254
arrived,0.0,0.05913102417363174
article,0.0,0.05289695585096096
ask,0.06666666666666667,0.01491160054786553
asked,0.013333333333333334,0.019733442239895628
asks,0.013333333333333334,0.008960796015206563
aspire,0.0,0.038003399025992604
assassin,0.013333333333333334,0.0281680119019446
asus,0.24,0.06873997666066393
atm,0.013333333333333334,0.008644652695998687
atom,0.0,0.09594344304481194
attempt,0.04,0.017004598682589914
atx,0.013333333333333334,0.039817048984798105
aud,0.0,0.01003622193073172
australia,0.0,0.017575616275524987
auto,0.013333333333333334,0.09919941907320538
av1,0.0,0.008020671832547349
avail,0.0,0.0156805693233286
availability,0.02666666666666667,0.024852163576072346
available,0.14666666666666667,0.037506078943788344
average,0.09333333333333334,0.05568904715378089
aware,0.0,0.00566322400951527
away,0.0,0.024599696578916298
bad,0.09333333333333334,0.013559870970083142
badly,0.0,0.04493593708393248
balanced,0.0,0.05254496247947698
ballistix,0.0,0.00975564296900196
band,0.013333333333333334,0.05004165016904991
bandwidth,0.06666666666666667,0.03109434821937847
barely,0.0,0.008137928135034802
base,0.02666666666666667,0.002409488416605261
based,0.08,0.0331019070575645
basically,0.013333333333333334,0.026257352479353572
batch,0.0,0.013816502915840344
battery,0.06666666666666667,0.00981018234587002
behavior,0.013333333333333334,0.009710221146178229
believe,0.02666666666666667,0.0020329378501828576
benchmark,0.013333333333333334,0.005143476085249733
benchmarks,0.02666666666666667,0.006758800778954549
beneficial,0.0,0.00579252332854151
benefit,0.0,0.022419886957990458
benefits,0.0,0.03730131187563924
bequiet,0.013333333333333334,0.00957390963516129
best,0.17333333333333334,0.023086271240091667
beta,0.013333333333333334,0.09539975530575616
better,0.32,0.03515015090720116
big,0.02666666666666667,0.0031330153020796706
bigger,0.0,0.01799984993942599
billion,0.02666666666666667,0.05498201848003904
bios,0.3333333333333333,0.09212252713480025
bioses,0.013333333333333334,0.03528318815984973
bit,0.14666666666666667,0.023758678609210444
bite,0.0,0.011356232736299012
black,0.04,0.0765133934834053
blown,0.0,0.016911369670242263
blue,0.0,0.06278715543514317
board,0.05333333333333334,0.0779840862677186
boards,0.02666666666666667,0.09013148331884359
boost,0.13333333333333333,0.024444281635273103
boosting,0.02666666666666667,0.004596934785247612
boosts,0.0,0.03859806843827042
boot,0.14666666666666667,0.04163807915769837
booting,0.0,0.014763853623795505
bottleneck,0.06666666666666667,0.060748614036010534
bottlenecked,0.0,0.028389721760575096
bottlenecks,0.0,0.04305891733946739
bought,0.12,0.0004739782998812282
box,0.0,0.027784299042007198
boxed,0.0,0.0032810435145885835
bracket,0.02666666666666667,0.06162158981990204
brand,0.05333333333333334,0.017220289966003496
brands,0.013333333333333334,0.017482753876184268
break,0.0,0.047173154136695206
brings,0.0,0.01396379209843693
broken,0.0,0.03249441515001236
browsing,0.0,0.036275910159047624
bs,0.013333333333333334,0.02346757758336672
bucks,0.0,0.007111001664590604
budget,0.04,0.040492130797544865
bug,0.0,0.09264943787368382
buggy,0.013333333333333334,0.004538530419171987
build,0.2,0.08685054588483733
building,0.08,0.07510129066403921
builds,0.02666666666666667,0.018377373796011558
built,0.08,0.04064962610721511
bullet,0.0,0.0037626714971036937
bump,0.013333333333333334,0.0034539173143433755
business,0.013333333333333334,0.027294975502103403
buy,0.2,0.02206832971960242
buyers,0.0,0.022239515268061186
buying,0.06666666666666667,0.0410837108384733
cable,0.0,0.009973860909796023
cache,0.013333333333333334,0.039121572390584544
called,0.05333333333333334,0.002536498899763785
came,0.013333333333333334,0.021164715097441136
cant,0.04,0.034956214067936614
capability,0.0,0.0008024742810027285
capable,0.04,0.03294683763028619
capacity,0.0,0.017868405591941784
capellix,0.0,0.020810912538799135
capture,0.0,8.591824736050942e-05
case,0.12,0.024917419469077936
cases,0.0,0.01065525532581635
causes,0.04,0.0198640857494391
causing,0.0,0.03177760381575607
certified,0.0,0.012125670790371615
cfm,0.0,0.002445874373790706
chain,0.013333333333333334,0.0063826583961319955
chance,0.013333333333333334,0.012093553622773194
change,0.04,0.01321185993390458
changes,0.0,0.045032156960075606
channel,0.05333333333333334,0.07524322431757824
charging,0.06666666666666667,0.026957604943003866
cheap,0.05333333333333334,0.030490467271634014
cheaper,0.04,0.0035069594867259022
cheapest,0.02666666666666667,0.04874301643326704
check,0.02666666666666667,0.06255962178848351
cheers,0.0,0.016267151662956555
chip,0.06666666666666667,0.09250261609018841
chiplet,0.0,0.06906444626057977
chips,0.05333333333333334,0.09813157351949604
chipset,0.14666666666666667,0.07320318299666675
chipsets,0.02666666666666667,0.05565848218786108
choice,0.0,0.01223604709734266
choose,0.013333333333333334,0.04637746174040802
chrome,0.0,0.02495620370077845
cinebench,0.02666666666666667,0.003146663686241518
city,0.0,0.011141062077325332
cl,0.013333333333333334,0.019882130932358254
cl14,0.013333333333333334,0.02555933733958367
cl16,0.10666666666666667,0.010979734439404145
cl18,0.013333333333333334,0.007609720653461109
clean,0.0,0.0221278964494816
clear,0.013333333333333334,0.03281579222071317
clearance,0.0,0.007350833243849135
clock,0.02666666666666667,0.02075527232533674
close,0.04,0.011899065128649548
cloud,0.0,0.0019264886104185838
cm,0.0,0.015179345432723038
cmos,0.02666666666666667,0.022043097720352504
codes,0.0,0.07367120606882414
cold,0.04,0.02789044204177076
college,0.013333333333333334,0.02241488496130073
color,0.0,0.07832955603616908
com,0.013333333333333334,0.08867063987921654
combined,0.0,0.023416934730230664
combo,0.0,0.02539633761124655
come,0.0,0.07232022595134242
comes,0.02666666666666667,0.026701861508661513
coming,0.05333333333333334,0.036583321961538774
common,0.013333333333333334,0.013446943894729313
companies,0.0,0.0006089343742326426
company,0.02666666666666667,0.07929400675687151
comparable,0.0,0.044185594350151645
compare,0.013333333333333334,0.02811008601811499
compared,0.09333333333333334,0.01508750406053
comparing,0.013333333333333334,0.021798289106958975
comparisons,0.0,0.02026405468489524
compatibility,0.05333333333333334,0.01293464466704626
compatible,0.09333333333333334,0.01271934182034088
compete,0.013333333333333334,0.05207466391115517
competition,0.0,0.018917490201559972
competitive,0.0,0.023608852884789606
complaining,0.0,0.02219081800935763
completely,0.02666666666666667,0.0523966147388952
component,0.0,0.09789230909563894
components,0.013333333333333334,0.04557420203257813
computer,0.05333333333333334,0.07053370784964373
computing,0.013333333333333334,0.021907386793221312
concept,0.0,0.0017112917294605794
concerned,0.0,0.02851739221319418
concerning,0.013333333333333334,0.010783505314262944
conditions,0.0,0.0102631576142757
config,0.0,0.001056999471470782
configuration,0.013333333333333334,0.018417022436471385
configured,0.0,0.009926958380943205
confused,0.02666666666666667,0.010644740109520592
confusing,0.0,0.0026513117049750314
confusion,0.0,0.014722289810092057
connect,0.013333333333333334,0.07479612715461088
connected,0.04,0.03706000086108308
connection,0.05333333333333334,0.07391071496881899
consider,0.013333333333333334,0.014890618104246588
consideration,0.0,0.003150826601939035
considering,0.0,0.0007551568430491919
consistently,0.0,0.041379069585131156
consoles,0.0,0.08518240003057106
constantly,0.0,0.009997788002599229
consumer,0.0,0.03406417090246589
consumption,0.013333333333333334,0.017006362158687633
content,0.02666666666666667,0.020514004615203585
controller,0.0,0.080951731763135
controllers,0.0,0.051380863836376064
convinced,0.0,0.008987388296766744
cool,0.013333333333333334,0.065145848904842
cooled,0.0,0.04536597250722806
cooler,0.13333333333333333,0.08558747900204641
cooling,0.08,0.04156037191362283
corner,0.02666666666666667,0.012529535623604097
correctly,0.013333333333333334,0.0005898390624223824
corsair,0.06666666666666667,0.023343744322134152
cost,0.013333333333333334,0.029944032996673926
costs,0.06666666666666667,0.03473969189049824
couldn,0.04,0.04173265648915121
countries,0.0,0.03952539666665324
country,0.02666666666666667,0.018286080781751753
counts,0.0,0.021727688955358773
couple,0.04,0.010459554479278451
course,0.0,0.020299980464089804
cpus,0.17333333333333334,0.09443376080222736
crappy,0.0,0.018699273503205428
crash,0.04,0.0538549591735237
crashed,0.0,0.022960673120018843
crashing,0.0,0.05425621976268819
crazy,0.0,0.0033141778560322175
create,0.013333333333333334,0.015755209082174527
created,0.0,0.033713550327184816
creating,0.0,0.010386952665668444
creative,0.0,0.0015719245767094265
creator,0.0,0.014902566134113511
crucial,0.04,0.018746578050161125
crysis,0.0,0.004475918433841677
csgo,0.013333333333333334,0.013644144816057259
csm,0.0,0.030043968158547842
curious,0.02666666666666667,0.00536303171068467
current,0.08,0.042156450629249165
currently,0.09333333333333334,0.0492740437286438
custom,0.02666666666666667,0.02657253486936102
cut,0.02666666666666667,0.008995753160741074
cyberpunk,0.0,0.012451568804288791
d15,0.013333333333333334,0.03515834717673647
dark,0.0,0.06902139363662292
data,0.05333333333333334,0.006777973493003359
day,0.02666666666666667,0.06793094261863006
days,0.02666666666666667,0.0009329926895465497
dch,0.04,0.07339375188479998
dead,0.04,0.017359807961245373
dec,0.0,0.024287177304165908
december,0.013333333333333334,0.038982375603780185
decent,0.0,0.014687996356230913
decide,0.013333333333333334,0.005909450096558626
decided,0.0,0.007145572402266767
deciding,0.0,0.013392935484246683
decode,0.0,0.020318833213033332
dedicated,0.0,0.09891898101671535
deepcool,0.02666666666666667,0.01823949800881951
default,0.0,0.0017510918064507011
defaults,0.0,0.004670078443323089
define,0.0,0.009674151040883832
definition,0.0,0.007619761551101569
degree,0.013333333333333334,0.01730528403785819
degrees,0.013333333333333334,0.04181431908386078
delay,0.0,0.024398222263184846
delete,0.0,0.017772056139885105
deleted,0.0,0.014407875199194984
demanding,0.0,0.026609785634236424
depends,0.0,0.020762807509375113
design,0.09333333333333334,0.0007034046126720772
designs,0.013333333333333334,0.03266813982929257
desktop,0.06666666666666667,0.013921688386317119
desktops,0.0,0.012870143207407739
detail,0.013333333333333334,0.004522346380967389
details,0.0,0.037154073571631065
detecting,0.0,0.028844459318948426
detects,0.0,0.026758357325150826
dev,0.0,0.043397806133114884
developer,0.0,0.004959108227769598
developers,0.0,0.013866883514835344
development,0.013333333333333334,0.006171339614946251
device,0.05333333333333334,0.017827998383866953
devices,0.05333333333333334,0.029263270515989006
dg2,0.013333333333333334,0.06648674814228052
didn,0.06666666666666667,0.01517489050660187
die,0.08,0.02463669701340418
dies,0.0,0.020574342192182248
difference,0.14666666666666667,0.020873184442388754
different,0.13333333333333333,0.030692210671553106
difficult,0.0,0.020533515537100935
dip,0.0,0.001956339018170029
dips,0.0,0.02623692874274657
directly,0.02666666666666667,0.0002585801920048439
directx,0.0,0.04887827637419795
dirt,0.013333333333333334,0.01722413646939672
disable,0.0,0.07405098372709829
disabled,0.013333333333333334,0.02112508018469978
disconnects,0.0,0.01829313680489176
discord,0.02666666666666667,0.016651566572325836
discrete,0.013333333333333334,0.05834927455238928
discussion,0.02666666666666667,0.06647481436352269
disk,0.0,0.029557806313192034
display,0.06666666666666667,0.00971660212403728
displayport,0.0,0.030913883777948754
distance,0.013333333333333334,0.010591970865197616
diy,0.0,0.042000605056252784
dll,0.04,0.02804051832341863
document,0.0,0.010188873828106052
doesn,0.12,0.020956548783268036
doesnt,0.013333333333333334,0.053705974376514726
dogs,0.0,0.025938201863669363
dollars,0.0,0.02788766787517053
don,0.32,0.04289657831386775
dont,0.06666666666666667,0.029656551239813096
double,0.013333333333333334,0.014886869885169258
downgrade,0.02666666666666667,0.02901712596628739
downgrading,0.0,0.03112610087085973
download,0.013333333333333334,0.07593840412085304
downloaded,0.0,0.029812146570271876
downloading,0.013333333333333334,0.044332534282090975
dram,0.0,0.04352948319665791
draw,0.0,0.011805928597415248
drawing,0.0,0.003611735829048952
dream,0.0,0.0033013954610486545
drive,0.013333333333333334,0.08158279251933959
driver,0.10666666666666667,0.020304997977409443
drivers,0.28,0.06232738630881778
drives,0.02666666666666667,0.04936811633562381
driving,0.013333333333333334,0.008558293979380429
dropping,0.0,0.01635646805789771
drops,0.013333333333333334,0.0630540459705076
dual,0.10666666666666667,0.012697028106474521
dust,0.0,0.040661082656432854
dvi,0.0,0.007854628498942372
dx11,0.0,0.050799765547191914
dx12,0.0,0.02858861076287227
dying,0.013333333333333334,0.002874628265879427
earlier,0.0,0.0065584050140159965
early,0.013333333333333334,0.017328122030381272
easier,0.013333333333333334,0.001658939309407226
easily,0.0,0.031068153091879342
easy,0.0,0.0011879492294827735
ebay,0.02666666666666667,0.04356722216065203
eco,0.0,0.06176181985286138
edge,0.0,0.031255297166601484
edges,0.0,0.007901976245251175
editing,0.08,0.0681906609579212
effectively,0.0,0.006220203895904073
efficient,0.0,0.010643895719422574
electricity,0.013333333333333334,0.0028529908979111293
elements,0.0,0.004121825577798791
elite,0.013333333333333334,0.031741999063239275
email,0.0,0.01175757487672028
employees,0.0,0.05873152204231091
emulator,0.0,0.009623960502962908
enable,0.02666666666666667,0.0042629422296936404
enabled,0.16,0.00928965746296897
enabling,0.013333333333333334,0.020211896372164986
encoding,0.02666666666666667,0.036965134734469995
end,0.05333333333333334,0.025272569018485045
ends,0.0,0.002033280005577661
energy,0.013333333333333334,0.04243281733372425
enhanced,0.0,0.01824274435565424
enter,0.0,0.007983761187631604
entry,0.013333333333333334,0.009526734463695053
epic,0.04,0.016696067898448713
equal,0.013333333333333334,0.00516258895194581
equipped,0.0,0.03383827007526764
equivalent,0.013333333333333334,0.02611806547432992
error,0.06666666666666667,0.017637561857364932
es,0.02666666666666667,0.015048647472407289
especially,0.02666666666666667,0.0006853143122710191
estimate,0.0,0.04078551125016563
etc,0.14666666666666667,0.042441046137593995
eu,0.0,0.06240951821742626
euro,0.02666666666666667,0.05126026206780158
evening,0.0,0.0023039087929320077
event,0.0,0.016613212482658134
eventually,0.0,0.010972226122130483
everytime,0.0,1.562882877733418e-05
evga,0.013333333333333334,0.011270089115400289
evil,0.0,0.008674102599686801
evo,0.02666666666666667,0.09275785641703264
exactly,0.013333333333333334,0.00032022175585125684
example,0.06666666666666667,0.023077894762735366
excel,0.06666666666666667,0.00449877826911693
excited,0.013333333333333334,0.01880340777921425
execution,0.0,0.013784207870652094
exist,0.02666666666666667,0.04673293887395539
expect,0.013333333333333334,0.07057829608207367
expected,0.013333333333333334,0.005092261244403141
expecting,0.0,0.013999350235752045
expensive,0.02666666666666667,0.022990410629608164
experience,0.02666666666666667,0.061372832038931
experiences,0.0,0.002273402990989163
experiencing,0.0,0.07014650071965714
explain,0.05333333333333334,0.057711040383990296
extra,0.0,0.002517825173242549
extract,0.0,0.005749838304691711
extremely,0.0,0.025773820732359086
eyeing,0.0,0.0037165548087689567
eyes,0.0,0.029833392190154767
f4,0.0,0.03987004413546298
facebook,0.0,0.009391520259722735
facing,0.0,0.02623665804410328
fact,0.0,0.0002308930651477739
factor,0.0,0.008940200728993408
factory,0.0,0.009236192190924421
fairly,0.0,0.017189991797356894
fake,0.0,0.006310459799792704
familiar,0.013333333333333334,0.0057592516381543375
fan,0.02666666666666667,0.08586279296826412
fanboy,0.02666666666666667,0.010497534285848844
fancy,0.0,0.009100292475777321
fans,0.08,0.011129584046525134
far,0.04,0.05024900107404272
fast,0.06666666666666667,0.002685811390834611
faster,0.06666666666666667,0.01648007357178237
faulty,0.0,0.011001620833564721
favorite,0.0,0.0026686960527240984
feature,0.0,0.025201328498040496
features,0.013333333333333334,0.01566339797701749
feel,0.02666666666666667,0.02968931384548727
feels,0.0,0.04195767986612662
fi,0.14666666666666667,0.06373438589714318
file,0.02666666666666667,0.03662668209494912
files,0.02666666666666667,0.007565743209209991
finally,0.02666666666666667,0.0649954388869568
financial,0.0,0.030227505729014233
find,0.25333333333333335,0.029334673899875242
fine,0.06666666666666667,0.07275367620275747
finish,0.02666666666666667,0.013655833355310974
finished,0.0,0.01238588285707361
firmware,0.013333333333333334,0.09249046051729758
fit,0.0,0.0029533771507357733
fix,0.10666666666666667,0.012480105712797257
fixed,0.0,0.08249508585898159
flair,0.0,0.04000913801801149
flow,0.013333333333333334,0.001384317949614685
fluctuate,0.0,0.00898227050915271
fluctuations,0.0,0.01916230893652182
focus,0.013333333333333334,0.007684048736485021
focused,0.013333333333333334,0.005654612456869529
folks,0.0,0.012084402083024049
follow,0.0,0.0466391242951638
following,0.0,0.0064834915035329975
forever,0.0,0.034747891757951226
forget,0.0,0.01072404240497389
forgot,0.0,0.030200121931509206
form,0.013333333333333334,0.05255647359275613
format,0.0,0.01382741812761224
forward,0.0,0.03270669865746296
forza,0.0,0.033228303122687
found,0.14666666666666667,0.013864881558929829
fps,0.14666666666666667,0.08901678647956675
framerate,0.13333333333333333,0.0186463560001011
framerates,0.0,0.00999018291635542
free,0.013333333333333334,0.06608577801442603
frequency,0.02666666666666667,0.010008245043789506
frequently,0.0,0.010003213265106763
fresh,0.0,0.005530210480863765
friend,0.013333333333333334,0.0065066857928601125
friendly,0.0,0.004638232801980234
friends,0.013333333333333334,0.0025989137375799446
ftw3,0.0,0.0174385918862531
fully,0.04,0.02847538484415051
fun,0.013333333333333334,0.0099772278532934
funny,0.013333333333333334,0.027758126670991194
future,0.06666666666666667,0.06125326900487852
g14,0.013333333333333334,0.06069009098416031
g2,0.013333333333333334,0.01311137627458616
g5,0.0,0.010827598026647144
g7,0.013333333333333334,0.02041852752652362
game,0.13333333333333333,0.013205809417793654
gameplay,0.0,0.00803929931451152
gamer,0.013333333333333334,0.002155952686921731
games,0.18666666666666668,0.014132033654897168
gaming,0.32,0.04463473026931733
garbage,0.0,0.04513950099535235
gave,0.0,0.03635488216075444
gb,0.09333333333333334,0.003782189222937176
gear,0.0,0.09099824088902037
geforce,0.013333333333333334,0.05550361013620745
generally,0.02666666666666667,0.025849505975779993
generation,0.013333333333333334,0.08619504885184404
gf,0.0,0.004265206185873371
gigabyte,0.05333333333333334,0.0009711306099492495
girlfriend,0.0,0.013972625588089291
gives,0.013333333333333334,0.03868793271596088
goes,0.04,0.019910146369632137
going,0.16,0.05292815702125914
gold,0.013333333333333334,0.010922154511715706
gonna,0.013333333333333334,0.050839287866342654
good,0.14666666666666667,0.05908749222086816
google,0.013333333333333334,0.021796630516240645
got,0.08,0.037296840184583624
granted,0.013333333333333334,0.0064199591800238685
great,0.04,0.011017218742191128
greater,0.0,0.008472687031445488
greatest,0.0,0.02438556545575718
grid,0.0,0.0475480090282654
ground,0.0,0.010544126451761143
group,0.0,0.02005305481014621
gskill,0.013333333333333334,0.08547588922727452
gta,0.05333333333333334,0.0006309311461093274
gtx,0.02666666666666667,0.08052045182808971
guaranteed,0.05333333333333334,0.04648003546083409
guess,0.013333333333333334,0.07502389616239168
guy,0.013333333333333334,0.004229533123162841
guys,0.09333333333333334,0.021760090798548827
h115i,0.013333333333333334,0.03464806273886728
h470,0.0,0.0397701019774804
h610,0.0,0.046097697612066425
handle,0.0,0.018764215958190417
happen,0.0,0.015240635782756485
happens,0.0,0.004759509870859769
happy,0.0,0.011770912520718803
hard,0.06666666666666667,0.0023709072443420316
harder,0.0,0.00037040470929961726
hardware,0.06666666666666667,0.028166816279749752
hasn,0.013333333333333334,0.01910569638520067
haven,0.02666666666666667,0.010560459947227862
having,0.05333333333333334,0.04253261679846647
hdd,0.013333333333333334,0.053697333569669214
hdmi,0.02666666666666667,0.0230099785389652
hdr,0.013333333333333334,0.028832477155927728
headset,0.0,0.01170211654379688
health,0.0,0.03729522621645587
hear,0.05333333333333334,0.03826280132302896
heard,0.05333333333333334,0.02329723420760101
heat,0.04,0.009025786247482157
heavily,0.0,0.009316657895555126
heavy,0.02666666666666667,0.0228373143065411
heck,0.0,0.010442241495746848
hell,0.013333333333333334,0.04778686647885105
hello,0.13333333333333333,0.06834985717223643
help,0.18666666666666668,0.05681033750592198
helpful,0.013333333333333334,0.01662020038746096
helps,0.013333333333333334,0.016278491782001466
hero,0.0,0.0016868377885986224
hey,0.08,0.00905169266904753
hi,0.06666666666666667,0.024559507965988436
high,0.10666666666666667,0.05254195719011288
higher,0.02666666666666667,0.004770869516221753
hit,0.02666666666666667,0.010065418665733893
hits,0.0,0.02799843118377152
hold,0.013333333333333334,0.057235864765009935
holding,0.013333333333333334,0.0012065898844129679
holds,0.013333333333333334,0.014351914866294424
home,0.013333333333333334,0.012113555994889369
honest,0.0,0.0003533353902682588
honestly,0.013333333333333334,0.0045262295009195165
hope,0.04,0.0076037252144774
horizon,0.0,0.005532392802376955
hot,0.02666666666666667,0.016040814094014238
hotter,0.0,0.0068057756459768675
hottest,0.013333333333333334,0.014240810370928007
hour,0.013333333333333334,0.03710405328050398
hours,0.0,0.017024989452256195
house,0.0,0.05268941721079788
hp,0.04,0.026119471727931755
human,0.0,0.015307715315746394
hwmonitor,0.0,0.05404295277046123
hybrid,0.0,0.023245603171198916
hyperthreading,0.0,0.08503829487837491
hz,0.02666666666666667,0.006467263732949975
icue,0.013333333333333334,0.03302214102625933
id,0.013333333333333334,0.006859641296323991
idea,0.02666666666666667,0.039031341027057645
ideapad,0.0,0.06814035115943562
ideas,0.013333333333333334,0.008565779359750815
identical,0.013333333333333334,0.006138042215443711
identify,0.0,0.01578380816174909
idk,0.0,0.040819199743923944
idle,0.04,0.044155572115333934
idling,0.013333333333333334,0.03781034968112989
ignore,0.0,0.02955383203835877
igpu,0.05333333333333334,0.08933260370995827
iii,0.013333333333333334,0.02585267238938659
ill,0.0,0.009512708284081883
im,0.10666666666666667,0.04658878044427636
images,0.013333333333333334,0.0326286038005797
imagine,0.013333333333333334,0.014471965356526876
immediately,0.013333333333333334,0.016407761845341113
important,0.0,0.029200868382351308
importantly,0.0,0.0052056904330515155
impressive,0.0,0.004011261688031444
improve,0.02666666666666667,0.0017207076915675575
improved,0.0,0.006143926804958065
improvements,0.02666666666666667,0.010221377298374634
included,0.0,0.027342902117772155
includes,0.013333333333333334,0.023515524305639433
including,0.013333333333333334,0.006122235923100363
income,0.0,0.016507602348519064
increase,0.06666666666666667,0.01086549099748545
increased,0.0,2.596689151435953e-05
increases,0.0,0.008721651841023761
info,0.02666666666666667,0.016271802945910227
information,0.013333333333333334,0.016933596389604507
initial,0.013333333333333334,0.0037883500441207173
input,0.013333333333333334,0.008246461397778642
insane,0.0,0.03863128086873673
insanely,0.0,0.0009846107251711017
insecure,0.0,0.021187683711551115
inside,0.013333333333333334,0.02856746812321279
insider,0.013333333333333334,0.017808110491785885
insight,0.0,0.0006310513035823971
insights,0.0,0.0017603872162249312
install,0.06666666666666667,0.0003815840922588539
installation,0.0,0.0038149491277094287
installed,0.10666666666666667,0.035833380397556035
installer,0.02666666666666667,0.008104221073495333
installing,0.05333333333333334,0.010525311162357734
instance,0.0,0.00477215680681028
instantly,0.0,0.02419553662292013
instead,0.04,0.015989340010806884
intake,0.0,0.0006450279547159241
integrated,0.05333333333333334,0.09060763288843024
intend,0.0,0.008587696702123225
intended,0.0,0.02982190425328211
interest,0.0,0.04313747525938714
interested,0.013333333333333334,0.04928611643136278
interesting,0.02666666666666667,0.024689727517876094
intermittent,0.013333333333333334,8.069116852222655e-06
internet,0.06666666666666667,0.042567884596969266
io,0.013333333333333334,0.012081741078571719
isn,0.05333333333333334,0.015838466862888517
issue,0.14666666666666667,0.02176331001027496
issues,0.08,0.04123254451131348
join,0.013333333333333334,0.047357040088356867
jump,0.013333333333333334,0.015100520800866091
key,0.05333333333333334,0.08354546225473582
kill,0.05333333333333334,0.03650108281382445
killer,0.02666666666666667,0.04594562208976118
killing,0.0,0.03042572623939133
kind,0.013333333333333334,0.022127402111461497
kit,0.013333333333333334,0.011245756493681832
know,0.44,0.009112315582148338
knowledgeable,0.0,0.0003774714335895823
knows,0.02666666666666667,0.030235440331074295
l3,0.0,0.06007444913876539
laggy,0.0,0.013499498036499673
lags,0.0,0.033887813785211066
lan,0.0,0.06337595252487664
lanes,0.013333333333333334,0.010490237909125287
laptops,0.06666666666666667,0.02270020600002811
large,0.0,0.02604179114296364
larger,0.013333333333333334,0.02386507654607426
lasted,0.0,0.024949825023958566
late,0.0,0.004317295316271845
latency,0.013333333333333334,0.0058286881839794405
later,0.02666666666666667,0.003947663433301674
latest,0.08,0.04976371438570323
launch,0.04,0.023767776504766264
launched,0.013333333333333334,0.02278253853812073
launching,0.0,0.026673688905565422
layer,0.0,0.0013443629190210628
lead,0.0,0.014345409952081533
leading,0.0,0.01895795555033104
leaks,0.013333333333333334,0.0035972860514363186
leaning,0.0,0.01607052439853672
learning,0.0,0.028757814804139786
leave,0.0,0.05250129579124803
leaving,0.013333333333333334,0.02835187544315589
led,0.013333333333333334,0.010947359681658435
left,0.04,0.008761074555268719
legacy,0.0,0.013641374640450997
legion,0.013333333333333334,0.007556642914506061
length,0.013333333333333334,0.001809859706885273
lenovo,0.04,0.03633181964961643
let,0.09333333333333334,0.04697790882060826
level,0.013333333333333334,0.015414728263549893
life,0.013333333333333334,0.046411480712611544
light,0.09333333333333334,0.07900138857971835
lights,0.0,0.019375630931719484
like,0.48,0.02742726611825656
likely,0.04,0.004327366714171969
limit,0.04,0.0408185206322539
limited,0.013333333333333334,0.05274911374325231
line,0.02666666666666667,0.0417500995496958
lines,0.0,0.0695291123613105
links,0.0,0.023665056130731298
linux,0.06666666666666667,0.02393789789314766
list,0.02666666666666667,0.029914046107548633
listed,0.013333333333333334,0.024582006373289104
listing,0.013333333333333334,0.030022179433722335
listings,0.013333333333333334,0.021704403940113214
lists,0.0,0.006704323534061671
literally,0.0,0.017874691598788656
little,0.04,0.0363324378689789
live,0.013333333333333334,0.036872218328721694
living,0.0,0.014295431900253614
lmao,0.013333333333333334,0.016551941037168342
load,0.013333333333333334,0.004666270530551709
local,0.0,0.02232149806997871
located,0.0,0.008888931231139662
location,0.0,0.009467189342814882
locked,0.0,0.013922992536421219
logic,0.013333333333333334,0.015199195809131408
lol,0.02666666666666667,0.05856235728660369
long,0.14666666666666667,0.015088581501012471
longer,0.0,0.007669399220692881
look,0.17333333333333334,0.003918653895108781
looked,0.0,9.857507392287823e-06
looking,0.25333333333333335,0.01804726686331366
looks,0.04,0.03636589103081765
loop,0.04,0.027368893150513367
lose,0.02666666666666667,0.026740379193669325
loses,0.04,0.018772168093796435
losing,0.02666666666666667,0.0064689572280127875
loss,0.02666666666666667,0.052767270174967885
lost,0.0,0.014137689356786776
lot,0.05333333333333334,0.04753451440694295
lots,0.04,0.023473465315720834
love,0.013333333333333334,0.050791866345110626
low,0.04,0.019877449153692488
lower,0.04,0.015574625015365303
lowered,0.0,0.04458008751026207
lowering,0.0,0.009125925156254423
lpx,0.0,0.03626693937118887
luck,0.013333333333333334,0.03195209404665508
m1,0.0,0.012295855053895433
m2,0.013333333333333334,0.04334616317866862
macbook,0.0,0.03411402116119809
machine,0.05333333333333334,0.09572656299224495
machines,0.013333333333333334,0.018983731705687235
mad,0.0,0.014513588156100548
main,0.02666666666666667,0.014396052300924462
mainboard,0.013333333333333334,0.030199722433490367
mainly,0.10666666666666667,0.04832333485546692
mainstream,0.0,0.03792590043276348
major,0.0,0.009683774308786012
makes,0.06666666666666667,0.025313759619853493
making,0.05333333333333334,0.024583627140820394
managed,0.0,0.03435599212388475
manager,0.013333333333333334,0.0837360527777498
map,0.0,0.0007719850176698877
margin,0.0,0.01084161350572671
marginal,0.0,0.02270428629471641
market,0.06666666666666667,0.028410671965239727
marketing,0.0,0.06747122381968954
marks,0.0,0.0512969388714438
mass,0.013333333333333334,0.003461446912404583
massive,0.0,0.01750079266834781
master,0.0,0.021510379099475223
match,0.013333333333333334,0.002482697027160529
matter,0.04,0.007015880758244986
matters,0.013333333333333334,0.012706368407170338
max,0.04,0.027793006511984512
maximum,0.0,0.016612593842028556
maxing,0.0,0.009253000083023091
maybe,0.12,0.017718735640565742
mb,0.04,0.04159567507340873
mean,0.04,0.03509866923951538
means,0.0,0.013312396689613917
meant,0.0,0.020380379179426512
media,0.0,0.041192362614186254
meet,0.013333333333333334,0.02922515537879314
meg,0.0,0.018600028103175053
megathread,0.0,0.029127633586979257
member,0.0,0.008553615280770175
memory,0.13333333333333333,0.010989520391254715
memtest86,0.0,0.03544605953301583
mentioned,0.02666666666666667,0.01179535012180249
mentioning,0.0,0.002106211800259463
meshify,0.0,0.027993838262477793
mess,0.013333333333333334,0.01108415860886926
message,0.013333333333333334,0.016501018530806995
mhz,0.08,0.038804003547104275
micro,0.02666666666666667,0.0598686929743923
microsoft,0.09333333333333334,0.03206669590838928
mid,0.013333333333333334,0.0005323761007604774
mind,0.013333333333333334,0.0396739909421868
minecraft,0.013333333333333334,0.013671828557714578
minimum,0.08,0.004545336369870759
missed,0.0,0.015121720859698439
missing,0.013333333333333334,0.027539392974065564
mistake,0.0,0.010134135534934797
mm,0.0,0.009393772147171723
mobo,0.2,0.06419994546886827
mobos,0.0,0.061685173959013885
mode,0.08,0.039438674658084025
model,0.0,0.027155942118562027
models,0.013333333333333334,0.02181583870483388
moderate,0.0,0.032177976131181014
modern,0.05333333333333334,0.039561523056044844
mods,0.0,0.0441042256284116
modular,0.0,0.014866486294981003
module,0.2,0.03391534778193848
modules,0.0,0.002125705919057155
moment,0.013333333333333334,0.007433701866738159
moments,0.0,0.003954415808216568
money,0.04,0.04728379850489364
monitor,0.08,0.06981282952332707
monitors,0.0,0.028858568584676135
month,0.0,0.025325026549876672
months,0.0,0.0973131033509603
morning,0.0,0.03352598333797428
mortar,0.0,0.03569997601630259
motherboards,0.04,0.031034644416492056
mount,0.02666666666666667,0.01428722112344415
mouse,0.0,0.04616691809073464
movies,0.0,0.020872988088257105
moving,0.013333333333333334,0.014296322061287607
msi,0.12,0.0004559933228116753
mt,0.0,0.02160023685787444
multi,0.013333333333333334,0.026038210372717734
multiple,0.0,0.0178447015882063
multiplier,0.0,0.022265210161603825
nearly,0.013333333333333334,0.030127028697369745
necessary,0.013333333333333334,0.017581309285792268
need,0.30666666666666664,0.058922169426724375
needed,0.013333333333333334,0.005057373569277396
needing,0.0,0.03531591276320609
needs,0.013333333333333334,0.03175401536310762
networking,0.05333333333333334,0.00632681179239263
new,0.5066666666666667,0.04146225271517313
newegg,0.0,0.09442537400315926
newer,0.013333333333333334,0.022287261631589946
newest,0.0,0.01104226507159562
nf,0.0,0.003626458563411304
nh,0.013333333333333334,0.04552821128617673
nic,0.0,0.04362247670208143
nice,0.013333333333333334,0.06549773608819771
night,0.013333333333333334,0.010015027273994918
nitro,0.013333333333333334,0.07461622017530878
noctua,0.04,0.03442512031062405
node,0.0,0.033561144700220195
noise,0.0,0.020054518503929482
normal,0.06666666666666667,0.0029892436478415117
note,0.02666666666666667,0.017461300007359508
notebook,0.013333333333333334,0.03368621982094771
noticed,0.05333333333333334,0.02582470878463987
november,0.0,0.001971807368789757
ns,0.013333333333333334,0.03797634780551426
number,0.04,0.00381423897415281
numbers,0.0,0.028478308338767907
nvidia,0.13333333333333333,0.094660244307375
nvme,0.12,0.028870942050538848
obviously,0.0,0.02923518859707463
occasional,0.0,0.008494510729991389
occasionally,0.0,0.017199216202498858
oculus,0.0,0.02443434896370603
odd,0.0,0.007360795658194276
oem,0.0,7.011235210895734e-05
oems,0.0,0.015471769710528969
offer,0.0,0.005014173740817712
official,0.0,0.022445968244898223
officially,0.0,0.024802470032249672
offline,0.0,0.020776847767709865
oh,0.013333333333333334,0.00960038583470551
ok,0.0,0.06535599791941513
old,0.18666666666666668,0.02439264435261925
older,0.013333333333333334,0.012531714559629715
omen,0.0,0.02071032362127228
onboard,0.013333333333333334,0.009432301667749554
ones,0.02666666666666667,0.028528083356413794
online,0.02666666666666667,0.008221833876345128
op,0.0,0.004437133674607935
open,0.06666666666666667,0.010910443305584517
opened,0.0,0.009144295044572492
opengl,0.013333333333333334,0.018186531420193035
operating,0.0,0.0343502153861132
operation,0.0,0.03703771729799961
opinion,0.013333333333333334,0.008499088815160873
opinions,0.0,0.03251583797084448
option,0.13333333333333333,0.002573572223563228
options,0.08,0.01751687675131833
order,0.013333333333333334,0.07350976554109995
ordering,0.013333333333333334,0.0014976079569013244
orders,0.013333333333333334,0.0251991404659152
original,0.013333333333333334,0.06376543643525831
overall,0.013333333333333334,0.02089437051781567
overclock,0.013333333333333334,0.037958956169679155
overclocked,0.0,0.012812511201742306
overclocking,0.05333333333333334,0.08955406536660533
overkill,0.013333333333333334,0.01611998288291633
overnight,0.0,0.031096836312649548
owned,0.0,0.011597259175997325
owner,0.013333333333333334,0.006391248558192579
owns,0.0,0.014302531653829486
packaging,0.0,0.004204174171922866
page,0.013333333333333334,0.005130972402760176
pair,0.0,0.08933011577765056
paper,0.0,0.016034251274981447
particularly,0.04,0.014394121600777058
partner,0.0,0.001676919869213415
parts,0.04,0.02166258009890685
pass,0.0,0.022335634611448302
passive,0.0,0.0032443247058785707
past,0.02666666666666667,0.022281336255518664
patch,0.0,0.047649852483939895
path,0.0,0.03446956385246508
pc,0.4,0.036040059042169406
pci,0.02666666666666667,0.021366460139902958
pcie,0.25333333333333335,0.025069233849846786
pcie3,0.0,0.00862403186440668
pcie4,0.013333333333333334,0.0020879250038499334
people,0.18666666666666668,0.061554966566561196
percentage,0.013333333333333334,0.06351076814948692
perfect,0.0,0.011469449426399783
performance,0.49333333333333335,0.013311316376239272
period,0.0,0.019756797343502296
peripherals,0.0,0.02472825796238866
person,0.013333333333333334,0.003057200967840387
personal,0.013333333333333334,0.0005162939974727414
personally,0.0,0.008762923755954633
photoshop,0.0,0.026020366435974357
pick,0.0,0.04156217357502885
pics,0.0,0.033519976042236714
picture,0.0,0.05982581929774832
pins,0.0,0.05377317118250521
pixel,0.0,0.016105605462772187
plan,0.02666666666666667,0.017441454556838005
planning,0.04,0.04316016515027374
plate,0.0,0.009640182472781367
platform,0.08,0.08569935026149796
play,0.02666666666666667,0.036950735008625536
played,0.013333333333333334,0.011259168962598511
plug,0.013333333333333334,0.008972012139353227
plus,0.02666666666666667,0.011810704609751397
pm,0.013333333333333334,0.025623752023345447
point,0.04,0.03608299648484421
pointless,0.0,0.024084409665415224
points,0.013333333333333334,0.002214179271115319
popular,0.0,0.010376962267906287
portable,0.0,0.013902535880459789
ports,0.02666666666666667,0.0006533963967935546
position,0.0,0.04426998528829712
possibility,0.0,0.005104928840613273
possible,0.09333333333333334,0.0076786906337564425
post,0.10666666666666667,0.02374629699058715
posted,0.0,0.0331694391213074
posts,0.013333333333333334,0.06320207163184034
potentially,0.0,0.037976248531841617
power,0.17333333333333334,0.04085076763814283
powerful,0.013333333333333334,0.02678955883941559
ppt,0.0,0.09519336493172913
pre,0.0,0.09212926101273894
premium,0.0,0.015697689052446222
present,0.0,0.026295853718641352
presentation,0.0,0.03963582180139134
pressure,0.0,0.027008776223355315
pretty,0.013333333333333334,0.05702002026467899
preview,0.0,0.016259190282461835
previous,0.02666666666666667,0.0573911583224299
previously,0.013333333333333334,0.030750381475170684
price,0.14666666666666667,0.021950883434629264
prices,0.09333333333333334,0.0026818195531992514
pricing,0.02666666666666667,0.07243219000372912
primarily,0.0,0.0177227025092149
prism,0.013333333333333334,0.09498873717688437
pro,0.06666666666666667,0.084078542227036
probably,0.013333333333333334,0.04739853792817473
problem,0.10666666666666667,0.001511494775889273
problems,0.05333333333333334,0.017316629847354638
process,0.0,0.02991124697163527
processors,0.04,0.09423505313157085
product,0.0,0.007887258369781802
production,0.0,0.008482983538255126
products,0.02666666666666667,0.03233135719913
program,0.0,0.023128376057560303
programming,0.0,0.028342563139172643
programs,0.0,0.010122926897727752
progress,0.0,0.03104157402665997
proof,0.0,0.02250910028169687
proper,0.013333333333333334,0.02656557884187512
provide,0.013333333333333334,0.0013805878275308123
provides,0.0,0.020517875294569096
providing,0.013333333333333334,0.031418960290759836
ps,0.013333333333333334,0.021028964866436125
psu,0.0,0.04456216582615811
public,0.0,0.004177279486318891
pull,0.04,0.007392940264068136
pulling,0.013333333333333334,0.019558038723740293
pump,0.0,0.015452406103738542
purchased,0.0,0.019291314968666966
pure,0.013333333333333334,0.025803342417374576
purpose,0.013333333333333334,0.03772410920742901
push,0.013333333333333334,0.020716598354482627
putting,0.013333333333333334,0.012960198106606723
quad,0.013333333333333334,0.0030715270457615127
question,0.10666666666666667,0.07692280786847484
questions,0.013333333333333334,0.02245319104921594
quick,0.0,0.006581032116509924
quickly,0.0,0.009060189287702509
quiet,0.0,0.0391796612067316
r20,0.013333333333333334,0.0437484112041004
r6,0.0,0.018557818972282876
raid,0.04,0.02336419339412808
raider,0.0,0.007172680999061375
raised,0.0,0.003945669880015095
ram,0.3333333333333333,0.0002944169434874109
ran,0.0,0.023459942992396735
random,0.013333333333333334,0.03470469667422003
range,0.0,0.03350583283795023
ranging,0.0,0.008888783603350913
rank,0.08,0.07466462655641534
rarely,0.013333333333333334,0.002510896260608605
rates,0.0,0.014624041256413447
ray,0.0,0.017633652797871296
read,0.02666666666666667,0.02223019096775321
reading,0.013333333333333334,0.018047745070788813
reads,0.0,0.010039190130170383
ready,0.0,0.007540987616710581
real,0.02666666666666667,0.033422083456438184
realtek,0.0,0.02453881244448703
rear,0.0,0.003259513010860055
reason,0.08,0.007438158717894626
recently,0.06666666666666667,0.09071574180129763
recognized,0.013333333333333334,0.012548458276291767
recommend,0.0,0.007834589305060013
recommendations,0.02666666666666667,0.04369002448806267
recommended,0.0,0.03777547110843123
reddit,0.0,0.03176809923610501
refreshing,0.0,0.042677707656465474
regret,0.013333333333333334,0.01901482623166437
regular,0.0,0.021578006866775138
reinstall,0.0,0.01602641395106269
related,0.013333333333333334,0.021330302001849308
relatively,0.0,0.007697597338223729
release,0.0,0.016234995543200667
released,0.04,0.028381038692563327
releases,0.0,0.03905221337979102
releasing,0.013333333333333334,0.04262624707978561
remaining,0.0,0.0074275112536499556
remove,0.013333333333333334,0.04302137577353761
removing,0.02666666666666667,0.030678134332266026
render,0.013333333333333334,0.02775553937317747
rendering,0.013333333333333334,0.004246905245061806
repeat,0.013333333333333334,0.0017942801318799452
replace,0.0,0.003937734892538192
replies,0.0,0.02663895230733049
reports,0.0,0.015347778368641055
request,0.0,0.048198017949186676
require,0.06666666666666667,0.011755035350965665
required,0.0,0.02191498886048572
requirement,0.0,0.008011779956827168
requirements,0.08,0.06467357129079816
requires,0.0,0.01312206853681094
reset,0.02666666666666667,0.0326638274719302
resets,0.0,0.013545369176774867
resolution,0.02666666666666667,0.02880093382784148
resource,0.013333333333333334,0.01663790457593623
responding,0.0,0.016316596810604822
response,0.02666666666666667,0.020195886462695697
rest,0.02666666666666667,0.024849986008594685
restarted,0.0,0.02765706669659474
result,0.02666666666666667,0.008408359373913812
resulting,0.0,0.015738173544011205
results,0.06666666666666667,0.05283293079011876
retail,0.0,0.0060345334859184495
return,0.0,0.008241560900571708
review,0.0,0.020805128472750165
reviews,0.02666666666666667,0.05527501458119981
revised,0.0,0.003625938731817609
rgb,0.0,0.014676295466888945
rig,0.06666666666666667,0.023190527290263777
right,0.06666666666666667,0.040400224130772204
ring,0.0,0.01728930923437511
risk,0.0,0.008531593665567215
rm750x,0.013333333333333334,0.013695497880851584
rmx,0.0,0.013772580014260034
rn,0.0,0.035286155653211956
rock,0.0,0.022981674876038822
rog,0.09333333333333334,0.00986248921163985
rolled,0.0,0.004281627833853468
room,0.0,0.03771636143938073
rtx3070,0.013333333333333334,0.01982582298781354
rules,0.0,0.019019400104955713
run,0.17333333333333334,0.053137529335171206
running,0.12,0.039867753517286345
runs,0.013333333333333334,0.029718933216818386
rx480,0.0,0.06991122646289295
s2h,0.0,0.02245554367881618
sadly,0.013333333333333334,0.005831973410351864
safe,0.02666666666666667,0.016824414862679205
said,0.09333333333333334,0.009383446369373473
sales,0.04,0.018896786010774883
samsung,0.04,0.0462557688035925
sata,0.013333333333333334,0.01937679478068655
save,0.04,0.007378344897000052
saver,0.0,0.015377735823778514
saw,0.013333333333333334,0.05400843295313982
saying,0.05333333333333334,0.03754892077730435
says,0.14666666666666667,0.046407192323676044
scale,0.013333333333333334,0.02057159700661955
scaling,0.02666666666666667,0.03827585314233826
scalping,0.0,0.0007936721169368371
scan,0.0,0.005941055543513489
scared,0.0,0.022788529710812303
scenarios,0.0,0.0
scenes,0.0,0.0190700719029903
school,0.0,0.0009110248077287388
score,0.02666666666666667,0.029989723014933575
scored,0.0,0.013348698293422225
screen,0.02666666666666667,0.031751241400845405
screens,0.0,0.03382090693887103
screenshot,0.0,0.017441545677694438
screenshots,0.0,0.028244626228098167
se,0.0,0.04463521923729749
search,0.0,0.01662154863154576
searching,0.0,0.03735580730669554
seasonic,0.013333333333333334,0.05755465961897771
second,0.06666666666666667,0.03295511349482208
seconds,0.02666666666666667,0.043878622291044264
section,0.0,0.017376700458383413
secure,0.13333333333333333,0.01895684593587096
security,0.02666666666666667,0.025400170978494768
seeing,0.013333333333333334,0.002755629972347344
seemingly,0.0,0.005234672691196191
seen,0.06666666666666667,0.02777464696555955
self,0.0,0.02948455310981295
sell,0.06666666666666667,0.07060366055288995
selling,0.013333333333333334,0.09208427523578656
send,0.013333333333333334,0.00028701830685666144
sending,0.0,0.015816823208500756
sensor,0.0,0.04678389887594719
serial,0.013333333333333334,0.015328062116440156
series,0.17333333333333334,0.07871837062133503
seriously,0.0,0.026103614444084166
server,0.04,0.01823158495497244
services,0.0,0.014216512619726895
set,0.05333333333333334,0.03114671590488272
setting,0.02666666666666667,0.018046249391420285
setup,0.02666666666666667,0.043148411092431595
shadow,0.0,0.03499209952899205
shame,0.0,0.00016452399412917814
shared,0.0,0.017708335211280016
sharing,0.02666666666666667,0.029932394271016557
ships,0.0,0.008002900940335211
shit,0.0,0.02405730698743584
shooting,0.0,0.0014323629254322488
shops,0.0,0.008082373248969571
short,0.013333333333333334,0.01785981921754889
shortage,0.013333333333333334,0.000676911759058259
shortages,0.0,0.04863880006956798
shouldn,0.04,0.0087097502343863
showed,0.0,0.019456034902231314
showing,0.013333333333333334,0.012644075851808694
shows,0.0,0.03934077455641354
sides,0.013333333333333334,0.003452052114958826
significant,0.0,0.019635493328005637
significantly,0.0,0.025208144811428725
silver,0.0,0.017770067236619662
similar,0.05333333333333334,0.01095696167704395
simple,0.0,0.018081896089762416
simultaneously,0.0,0.025802994142999643
single,0.08,0.0740666794202944
sink,0.0,0.0034786693270833055
sit,0.0,0.019578773238426394
site,0.013333333333333334,0.034845839424359606
sites,0.0,0.005249828601213322
sitting,0.0,0.00526959071515803
situation,0.04,0.060815957252570385
situations,0.0,0.010135517040774936
size,0.02666666666666667,0.03755628904811172
skeptical,0.0,0.02288562755275785
sku,0.0,0.013495343574671673
sli,0.0,0.04010231445196409
slot,0.10666666666666667,0.008389289371022856
slots,0.02666666666666667,0.04091939401997311
slow,0.0,0.023674038102015058
slower,0.013333333333333334,0.016417474687773582
slowly,0.0,0.008588944813028373
small,0.013333333333333334,0.009116995519515806
smooth,0.0,0.029487283949410727
smoother,0.0,0.024666842217322727
soc,0.0,0.09163335625510374
socket,0.06666666666666667,0.023999099913125082
sockets,0.0,0.008453945581765277
softwares,0.013333333333333334,0.018684995170043357
sold,0.0,0.006104932752856337
solid,0.0,0.02134884752264919
solution,0.05333333333333334,0.00791046742181644
solutions,0.013333333333333334,0.041770019931986244
somewhat,0.02666666666666667,0.004270600377651331
soon,0.013333333333333334,0.03321860287954191
sorry,0.04,0.011736057798273457
sort,0.0,0.02337725891776049
sound,0.02666666666666667,0.007108841569078213
sounds,0.0,0.038360210516621404
source,0.0,0.058013081151936326
sources,0.0,0.0056600915224154875
spare,0.013333333333333334,0.023386867284243183
spec,0.013333333333333334,0.009519889271904019
specific,0.02666666666666667,0.023284217848702667
specifically,0.013333333333333334,0.032674865299211306
specification,0.0,0.02696216615565873
specs,0.04,0.04738820909419344
speeds,0.02666666666666667,0.022605201808455967
spikes,0.0,0.016307925641793068
spin,0.02666666666666667,0.02252358125104723
spinning,0.0,0.005439776808625266
sport,0.0,0.024497523547005646
spot,0.0,0.033492220956565066
ssd,0.25333333333333335,0.08449284887073563
stability,0.0,0.00014096880802763202
stable,0.02666666666666667,0.06217852467487369
stage,0.0,0.016387289172027742
standard,0.02666666666666667,0.004074501028717816
start,0.09333333333333334,0.007126059733088756
started,0.013333333333333334,0.061102224096772274
starting,0.0,0.008515803530843242
starts,0.0,0.033016551524488395
state,0.013333333333333334,0.012060704436315245
stated,0.0,0.017883561729431813
stats,0.0,0.011511839835221319
status,0.0,0.018701549756630836
stay,0.013333333333333334,0.0455949888974342
stays,0.02666666666666667,0.004244700993280375
steam,0.0,0.06560492571354165
step,0.0,0.018656298904040296
stick,0.0,0.005058845738854903
sticks,0.0,0.04626837060432625
stock,0.04,0.011954157245520451
stop,0.05333333333333334,0.010289472770467637
stops,0.0,0.002343398938374456
storage,0.04,0.02646835826336301
story,0.0,0.011795646831863862
strategy,0.0,0.004967308198667269
stream,0.04,0.023273078284722925
streaming,0.013333333333333334,0.033265206245305476
streams,0.0,0.017378798481944086
stress,0.0,0.03689491665977314
strix,0.05333333333333334,0.06224544570584367
strong,0.0,0.01313386695287752
stronger,0.02666666666666667,0.013574829869231473
stuck,0.06666666666666667,0.030842673467232996
student,0.013333333333333334,0.027243701223099798
stuff,0.02666666666666667,0.04255537069194903
stupid,0.0,0.01985009027438844
sub,0.013333333333333334,0.023308872331078843
subject,0.0,0.018835526569789655
submit,0.05333333333333334,0.007323365425877896
subreddit,0.013333333333333334,0.035588131068895
sudden,0.0,0.017481466248390164
suggest,0.02666666666666667,0.01916543151390404
suggestions,0.0,0.004802470860705067
suitable,0.0,0.030729295897543345
summer,0.013333333333333334,0.018045199840550686
super,0.10666666666666667,0.08055464462289713
supply,0.0,0.0443221773909334
support,0.21333333333333335,0.04873069044181872
supported,0.013333333333333334,0.02524145049314658
supporting,0.0,0.03309628356443584
supports,0.013333333333333334,0.04151932611478389
supposed,0.0,0.023561609690961476
sure,0.09333333333333334,0.012872628025745313
surfing,0.0,0.004177032860679029
surprised,0.0,0.05829607256554628
swap,0.0,0.0016439608920082833
swapping,0.0,0.017382182664154075
swift,0.013333333333333334,0.017570781941509375
switch,0.0,0.036932002722625853
sync,0.0,0.025548942044975254
system,0.3466666666666667,0.06035349209214551
systems,0.05333333333333334,0.05945863531053242
tabs,0.0,0.0009217273379815203
takes,0.0,0.02778904598360516
taking,0.013333333333333334,0.009490052870769022
talking,0.0,0.02650199654908453
tank,0.0,0.006823031957550748
task,0.0,0.03740332491589351
tasks,0.04,0.009537787320188859
tdp,0.013333333333333334,0.019632860841949318
team,0.0,0.028012991834931087
tearing,0.0,0.010995483158839423
tech,0.02666666666666667,0.0338958442030532
technical,0.02666666666666667,0.02562673136276517
technologies,0.0,0.010096556222890999
tell,0.0,0.04320048031578883
tells,0.013333333333333334,0.016372661638163952
temp,0.02666666666666667,0.04466371166201531
temperatures,0.013333333333333334,0.04535879816779731
temporarily,0.0,0.007795063679555591
temps,0.09333333333333334,0.002408727196485983
term,0.02666666666666667,0.032044137174218175
terms,0.04,0.01827371306122673
test,0.04,0.025947436792575374
tested,0.013333333333333334,0.037318764238289504
testing,0.013333333333333334,0.024608112846249388
text,0.013333333333333334,0.005785127287370068
thank,0.04,0.026346496489346848
thanks,0.10666666666666667,0.017001066226829245
thats,0.0,0.019307332857738252
theres,0.0,0.00319896232599723
thermal,0.013333333333333334,0.048871735740866534
thing,0.10666666666666667,0.00574512579794601
things,0.04,0.026613171457265713
think,0.16,0.019099873268975796
thinking,0.06666666666666667,0.023273441205986376
thinkpad,0.0,0.0339898748110983
thought,0.0,0.010726717308023341
thoughts,0.02666666666666667,0.008511346363372115
thousands,0.0,0.017061161448510016
thread,0.04,0.04837928632043741
threaded,0.0,0.017860096934655973
threads,0.04,0.02327539737663613
throttle,0.0,0.07019089974641328
throwing,0.0,0.0024518525128277104
ti,0.14666666666666667,0.01089660296948407
tia,0.013333333333333334,0.01679261138641822
time,0.26666666666666666,0.05280179193830441
times,0.09333333333333334,0.06547871595167486
tiny,0.0,0.04247538944181263
tips,0.013333333333333334,0.010339447303744073
title,0.05333333333333334,0.01446162954697694
titles,0.013333333333333334,0.0014208485514186817
tm,0.013333333333333334,0.00814636941053285
today,0.12,0.046524732515917384
told,0.05333333333333334,0.0005517548868099708
tom,0.0,0.007968120355166466
tomahawk,0.02666666666666667,0.040123153724634875
tomb,0.0,4.966648532579642e-05
tomorrow,0.0,0.0563405313588989
took,0.0,0.0027822930314095784
total,0.0,0.045339788628236746
totally,0.0,0.02042988269718848
touch,0.05333333333333334,0.010258377891566807
tower,0.0,0.014050589515344512
tpm,0.22666666666666666,0.02954382335716332
tracing,0.0,0.01546284771348708
track,0.013333333333333334,0.006607164420615391
tried,0.12,0.06284676087630536
trigger,0.013333333333333334,0.007765627286276467
triple,0.0,0.019922982292380695
trouble,0.02666666666666667,0.05950646670431048
true,0.02666666666666667,0.023392117861841224
trust,0.0,0.03111867507882992
trusted,0.02666666666666667,0.023619125638880672
try,0.09333333333333334,0.0019008849918781352
trying,0.02666666666666667,0.020916745965600315
tuf,0.04,0.06012456187181882
turn,0.013333333333333334,0.01821081337229931
turned,0.04,0.04472797740070041
turning,0.0,0.028930701547933955
turns,0.0,0.011507272439673517
tweaking,0.0,0.010140781457299176
twice,0.013333333333333334,0.03323243941124719
tx,0.0,0.08917124099636368
type,0.02666666666666667,6.544935938215197e-05
typing,0.0,0.020322493773068946
uefi,0.013333333333333334,0.013339245090618084
ui,0.0,0.016411315372160146
ultra,0.0,0.029485995399459567
unable,0.0,0.03049423358097674
unboxed,0.0,0.01637483066086115
understand,0.013333333333333334,0.037737686431712415
understanding,0.02666666666666667,0.03283978762418088
unfortunately,0.0,0.017333223637415057
unity,0.0,0.00027899650244525743
universal,0.0,0.004288759999448302
unknown,0.0,0.001036135370466359
unlocked,0.0,0.03961318984171714
update,0.12,0.023186478308257815
updated,0.0,0.0009450671647428272
updates,0.0,0.054733676668644746
updating,0.0,0.026202378121108916
upgrade,0.29333333333333333,0.005699347960180718
upgraded,0.04,0.01891254517122538
upgrades,0.0,0.030505415323597504
upgrading,0.08,0.034588489458855086
usd,0.0,0.01807431494698869
use,0.38666666666666666,0.02361531191834572
useful,0.0,0.034177530803642414
user,0.013333333333333334,0.017746455244853614
users,0.013333333333333334,0.020125727613446536
usually,0.013333333333333334,0.004794868179135904
utilization,0.05333333333333334,0.03147362775871882
valorant,0.0,0.04569483837244978
value,0.0,0.05396345354442832
vary,0.0,0.016037107580546623
vengeance,0.0,0.023069862472511114
ver,0.0,0.013155199988211828
verify,0.0,0.04572238542159908
version,0.05333333333333334,0.014041378896838992
versus,0.04,0.03799634774395988
vertical,0.0,0.025402813065790043
vga,0.013333333333333334,0.02318929945818255
video,0.14666666666666667,0.033450442815172836
videos,0.02666666666666667,0.04702468811722197
viewer,0.0,0.036012493450276684
vivobook,0.02666666666666667,0.024784147985946105
vm,0.013333333333333334,0.022885608605682978
void,0.0,0.02820434506041207
volt,0.013333333333333334,0.023142668030236017
voltage,0.09333333333333334,0.018155624516863363
voltages,0.0,0.031133130279454562
volts,0.0,0.0011444461094942224
vs,0.14666666666666667,0.06541823748195938
vulkan,0.0,0.01144342114845196
w10,0.04,0.016389774930348867
w11,0.0,0.00482105202076317
wafer,0.02666666666666667,0.05617644943590023
wait,0.05333333333333334,0.02575767614745613
waiting,0.0,0.0299288196413837
wall,0.02666666666666667,0.009168863277225048
wallet,0.0,0.011176338557516327
wanna,0.0,0.011713655965581085
want,0.41333333333333333,0.07742275123058132
wanted,0.0,0.004251730200918335
wanting,0.0,0.017124198642661806
wants,0.0,0.011910884196960353
war,0.013333333333333334,0.027932089883643436
warm,0.0,0.010665026706856345
warzone,0.0,0.051436910941922515
wasn,0.0,0.0347376919590968
wasted,0.0,0.0009628959153916962
watch,0.013333333333333334,0.006568033302273509
watching,0.013333333333333334,0.008658371110960275
water,0.013333333333333334,0.005298134585810245
watercooler,0.0,0.00029709671154972995
watt,0.0,0.0016219119346871792
wattage,0.0,0.0034813090516752788
way,0.10666666666666667,0.028058145011765862
ways,0.0,0.002154397143717044
wd,0.0,0.01677269382393354
weaker,0.02666666666666667,0.0003021493767107039
web,0.0,0.027986937343758525
website,0.0,0.033979201924583854
week,0.0,0.04964916745545212
weekend,0.0,0.014873637115737843
weeks,0.04,0.03839760713678443
weird,0.0,0.0005730743792107044
went,0.06666666666666667,0.00440918287989705
whats,0.0,0.0007739380896445768
whea,0.0,0.03069904503205988
white,0.0,0.03434874057537777
wi,0.14666666666666667,0.058619564106323956
wide,0.0,0.014309409730974302
wild,0.0,0.0007111422230885638
win,0.06666666666666667,0.012533690322823358
window,0.013333333333333334,0.0316990094093182
windows,0.7333333333333333,0.005964601504641606
wipe,0.013333333333333334,0.026712395429233062
wish,0.0,0.01826513295409358
won,0.10666666666666667,0.008806671199535066
wonder,0.0,0.048730017063993734
wondered,0.0,0.0014537085828903046
wondering,0.12,0.04838667816449769
word,0.0,0.02219193919345389
work,0.13333333333333333,0.015541284057045931
worked,0.013333333333333334,0.02626274413276983
working,0.06666666666666667,0.007823524447515025
workload,0.013333333333333334,0.027356838274333932
workloads,0.013333333333333334,0.019989962798068195
works,0.013333333333333334,0.02429201421088719
world,0.013333333333333334,0.030378899293273993
worried,0.02666666666666667,0.061097932849309554
worries,0.0,0.012181879572666636
worrying,0.0,0.011981974957108874
worse,0.0,0.0016369305283451114
worth,0.05333333333333334,0.04948710342815116
worthwhile,0.013333333333333334,0.0015498101359381186
wouldn,0.013333333333333334,0.004005505910969283
write,0.0,0.004145195036714185
wrong,0.02666666666666667,0.044942980999180336
wtf,0.0,0.04978721078237642
www,0.013333333333333334,0.003425870263305808
x16,0.29333333333333333,0.027005315719331423
x4,0.2,0.08193609047130082
x8,0.24,0.044450017455059866
x86,0.10666666666666667,0.05672828816849131
xd,0.0,0.0171815617854806
yeah,0.0,0.03914824672037994
year,0.05333333333333334,0.028109698543273436
years,0.14666666666666667,0.06309706209880621
yes,0.013333333333333334,0.07853985640108571
yesterday,0.013333333333333334,0.04106214665567437
youtube,0.05333333333333334,0.03140325653580557
z170,0.013333333333333334,0.040440971023288044
z690i,0.0,0.05122903408399366
zephyrus,0.0,0.014821299402875316
zero,0.013333333333333334,0.0014118973259563243
zip,0.0,0.0005545332208160307
zoom,0.0,0.022320781751355635
